metric,score
precision,0.9090909090909091
recall,0.9090909090909091
f1,0.9090909090909091
roc_auc,0.9393939393939393
